geom,E,E_err,E_ext
HC,-335.26754267578127,0.0002721808288779366,-335.39408344386237
HFe,-335.1770379394531,0.000274668404042123,-335.3008825542995
HFe2,-335.188006463623,0.0002910297048677716,-335.31235685026684
HS,-335.2092408996582,0.0002936368446352279,-335.34416084451163
