cutoff,n_carbon,E0,E0_err,E90,E90_err,deltaE_mean,deltaE_err,opt_step_begin,opt_step_end,n_steps_averaging
3,2,-13.730728261615868,5.0378867097822605e-05,-13.610588386651372,5.47235357906525e-05,0.12013987496449487,7.491671305530462e-05,21001,25000,4000
3,4,-25.001260207323256,9.318721023018194e-05,-24.9385322602347,9.298775229170869e-05,0.06272794708855722,0.00013152365889178486,21001,25000,4000
3,6,-36.275341856564054,0.0001298571926272364,-36.23088382939865,0.00013094710059342762,0.04445802716540874,0.00018472667826275525,20999,25000,4000
3,8,-47.54874466526972,0.00014499347034740677,-47.513778100000586,0.00015774824161115346,0.0349665652691323,0.00021216676895069014,20999,25000,4000
3,12,-70.09716555714036,0.00019563658755515856,-70.07295228561397,0.00020971476709909622,0.024213271526391134,0.0002844838585725437,21001,25000,4000
3,16,-92.62645020905632,0.0002398367610464849,-92.61520843287735,0.00023216227443752826,0.011241776178973456,0.0003284108877510988,12201,16200,4000
3,20,-115.15353772634518,0.0002853166107428877,-115.14696732149463,0.00027191354106073916,0.0065704048505653,0.00039075491348346605,14627,18626,4000
3,24,-137.68794934279643,0.000328473384194271,-137.69784152796737,0.00029896361080230594,-0.009892185170930169,0.0004383056259137273,20237,24236,4000
