cutoff,n_carbon,E0,E0_err,E90,E90_err,deltaE_mean,deltaE_err,opt_step_begin,opt_step_end,n_steps_averaging
3,2,-13.730772231967885,4.446334719125565e-05,-13.610603538948723,4.955146456701701e-05,0.12016869301916137,6.685285739022611e-05,20000,25000,5000
3,4,-25.001169755095024,8.333822520924223e-05,-24.938517441583492,8.353162858925118e-05,0.06265231351153336,0.00011779527888586153,20001,25000,5000
3,6,-36.27628013881112,0.00010992571407747262,-36.23209216459179,0.00011359024406281243,0.044187974219322856,0.00015753672967948437,35131,40131,5000
3,8,-47.550495962096385,0.00013364656473881904,-47.51606665355717,0.00014089114654782038,0.03442930853921245,0.0001934601014582001,45000,50000,5000
3,12,-70.10031989240984,0.0001746043764920554,-70.07718741805942,0.0001756856496079759,0.023132474350395917,0.00024411720363877996,45001,50000,5000
3,16,-92.6483000370787,0.00021315326999219047,-92.63069954545409,0.0002076398483432705,0.017600491624613086,0.00030162188164099433,80799,85800,5000
3,20,-115.16999401734276,0.0002670501254126642,-115.16693091062605,0.0002477659494134787,0.0030631067167240784,0.0003636331582409281,68531,73531,5000
3,24,-137.72120609555813,0.00029981062333357884,-137.72514498302124,0.0002733460075328827,-0.003938887463102577,0.00040611623657716615,67903,72902,5000
3,36,-205.23609519076058,0.0003944552871596097,-205.23341894296294,0.00036744885725977373,0.0026762477976496543,0.0005294735663456857,16011,21012,5000
